{
    "pune": [18.496223, 73.864700],
    "pune(moshi)": [18.6601, 73.8373],
    "lasalgaon": [20.1448, 74.2263],
    "nanded": [19.1550, 77.3080],
    "latur": [18.4088, 76.5604],
    "mumbai": [19.0760, 72.8777],
    "vashi": [19.0782, 73.0031],
    "nashik": [19.9975, 73.7898],
    "nagpur": [21.1458, 79.0882],
    "solapur": [17.6599, 75.9064],
    "jalgaon": [21.0077, 75.5626],
    "ahmednagar": [19.0952, 74.7496],
    "aurangabad": [19.8762, 75.3433],
    "amravati": [20.9320, 77.7523],
    "kolhapur": [16.7050, 74.2433],
    "sangli": [16.8524, 74.5815],
    "satara": [17.6805, 73.9818],
    "dhule": [20.9042, 74.7749],
    "jalna": [19.8297, 75.8800],
    "parbhani": [19.2644, 76.7748],
    "beed": [18.9901, 75.7531],
    "barshi": [18.2334, 75.6948],
    "akola": [20.7059, 77.0029],
    "washim": [20.1065, 77.1362],
    "hingoli": [19.7156, 77.1466],
    "osmanabad": [18.1856, 76.0417],
    "dharashiv": [18.1856, 76.0417],
    "yavatmal": [20.3888, 78.1307],
    "wardha": [20.7453, 78.6022],
    "gondia": [21.4624, 80.2010],
    "bhandara": [21.1777, 79.6569],
    "chandrapur": [19.9615, 79.2961]
}